{
  "hash": "c1e22f50",
  "configHash": "9d95d760",
  "lockfileHash": "3d46e978",
  "browserHash": "19b0127b",
  "optimized": {
    "@angular/common/http": {
      "src": "../../../../../node_modules/@angular/common/fesm2022/http.mjs",
      "file": "@angular_common_http.js",
      "fileHash": "4bd64a12",
      "needsInterop": false
    },
    "@angular/core": {
      "src": "../../../../../node_modules/@angular/core/fesm2022/core.mjs",
      "file": "@angular_core.js",
      "fileHash": "55d48291",
      "needsInterop": false
    },
    "@angular/forms": {
      "src": "../../../../../node_modules/@angular/forms/fesm2022/forms.mjs",
      "file": "@angular_forms.js",
      "fileHash": "b6c8106c",
      "needsInterop": false
    },
    "@angular/platform-browser": {
      "src": "../../../../../node_modules/@angular/platform-browser/fesm2022/platform-browser.mjs",
      "file": "@angular_platform-browser.js",
      "fileHash": "da600e55",
      "needsInterop": false
    },
    "@angular/router": {
      "src": "../../../../../node_modules/@angular/router/fesm2022/router.mjs",
      "file": "@angular_router.js",
      "fileHash": "67cbaf9b",
      "needsInterop": false
    },
    "rxjs": {
      "src": "../../../../../node_modules/rxjs/dist/esm5/index.js",
      "file": "rxjs.js",
      "fileHash": "6969e9b5",
      "needsInterop": false
    },
    "@angular/common": {
      "src": "../../../../../node_modules/@angular/common/fesm2022/common.mjs",
      "file": "@angular_common.js",
      "fileHash": "4119ea3e",
      "needsInterop": false
    }
  },
  "chunks": {
    "chunk-RCPAAAQT": {
      "file": "chunk-RCPAAAQT.js"
    },
    "chunk-4CIKH4BQ": {
      "file": "chunk-4CIKH4BQ.js"
    },
    "chunk-KSSMJRQ3": {
      "file": "chunk-KSSMJRQ3.js"
    },
    "chunk-QGEYYCNG": {
      "file": "chunk-QGEYYCNG.js"
    },
    "chunk-SXIXOCJ4": {
      "file": "chunk-SXIXOCJ4.js"
    }
  }
}